﻿post_no,poster_no,content,time,picture
1,1,買買,2021-11-09 20:00:07,1.jpg
2,1,Happy birthday to us!,2021-12-24 00:00:02,2.jpg
3,1,ho ho ho,2022-01-13 09:01:17,3.jpg
4,1,我們去賞月,2022-02-28 15:24:49,4.jpg
5,1,今天好開心,2022-03-15 16:43:28,5.jpg
6,1,歡樂登場!,2022-04-01 10:43:36,6.jpg
7,6,早安我的朋,2022-04-29 07:23:04,railway.jpg
8,6,今天好熱,2022-04-29 10:25:11,city.jpg
9,2,他為甚麼都不回我!,2022-04-29 19:55:23,fakeimg.png
10,3,我到底是誰,2022-04-30 02:47:51,fakeimg.png
11,2,好想睡覺,2022-04-30 09:55:41,sleep.jpg
12,3,何時才能脫離這僵化的環境,2022-04-30 12:14:37,traffic_mono.jpg
13,3,我今天要吃菜菜,2022-04-30 17:35:25,spice.jpg
14,4,去哪裡找晴天,2022-04-30 20:04:30,sun_girl.jpg
15,4,我要喝酒,2022-04-30 20:46:18,ocean_alone.jpg
16,4,明天見,2022-04-30 23:59:09,picnic.jpg
17,5,Lorem ipsum dolor sit amet,2022-05-01 02:56:17,8.jpg
18,5,"Lorem ipsum dolor sit amet, consectetur adipiscing elit, sed do eiusmod tempor incididunt ut labore et dolore magna aliqua.",2022-05-01 04:22:49,9.png
19,5,原本是亂碼,2022-05-01 08:31:53,fakeimg.png
20,6,"Os anunciamos que nuestro prximo concierto en Valencia serfinalmente en lococlubvalencia y que nos acompaarn nuestros amigos de MADRE. 
Quedan entradas pero no os despistis chavalada que se agotan seguro?",2022-05-01 11:42:44,10.jpg
21,2,救命!我也不知道在說啥,2022-05-02 13:01:28,11.jpg
